mol,natm,nao,t_scf,t_gradient,t_hessian,e_tot
002,3,24,4.148226022720337,0.3080751895904541,-1,-76.35507825399924
003,15,120,3.6573052406311035,0.4902074337005615,-1,-381.8380528962804
004,30,240,5.5983216762542725,0.9368572235107422,-1,-763.6788774841843
005,60,480,13.53732705116272,3.472562313079834,-1,-1527.417027558146
006,96,768,22.537059783935547,9.176054954528809,-1,-2443.9474650967923
007,141,1128,42.59495186805725,20.909643173217773,-1,-3589.549673810101
008,228,1824,134.44798135757446,57.621416091918945,-1,-5804.445984225651
009,300,2400,210.6200053691864,100.0945954322815,-1,-7637.513698651397
010,417,3336,433.1721432209015,202.22071170806885,-1,-10616.193625522421
