mol,natm,nao,t_scf,t_gradient,t_hessian,e_tot
020_Vitamin_C,20,484,166.60069680213928,28.479886293411255,-1,-684.9998712303525
