mol,natm,nao,t_scf,t_gradient,t_hessian,e_tot
002,3,59,9.291892051696777,1.4225475788116455,-1,-76.37766746751761
003,15,295,8.156267642974854,2.935978889465332,-1,-381.9348034197885
004,30,590,15.962292432785034,8.48238229751587,-1,-763.8652659637253
005,60,1180,72.18495297431946,43.69742465019226,-1,-1527.7567909450809
006,96,1888,179.55721712112427,128.3840160369873,-1,-2444.4690727239595
007,141,2773,417.78475403785706,303.23629927635193,-1,-3590.311141797014
008,228,4484,1193.5109581947327,849.2616429328918,-1,-5805.667819160899
009,300,5900,1949.8315885066986,1573.4793248176575,-1,-7639.10075269956
