mol,t_scf,t_gradient,e_tot
002,3.0,1.27,-76.3776674546
003,2.0,0.56,-76.4223108992
004,42.0,8.79,-763.865266486
005,263.0,38.15,-1527.7567927732
006,788.0,111.71,-2444.4690716504
007,1714.0,332.76,-3590.3111630938
008,5461.0,1612.37,-5805.6679517032
009,10163.0,3177.01,-7639.1010198948
010,19784.0,7948.14,-10618.4038040287
