mol,natm,nao,t_scf,t_gradient,t_hessian,e_tot
020_Vitamin_C,20,68,7.757320165634155,1.040503740310669,174.4666724205017,-675.5386361984456
031_Inosine,31,107,13.179906129837036,1.6433496475219727,417.5237069129944,-970.3940011476411
033_Bisphenol_A,33,101,11.242647647857666,1.7435667514801025,456.6348719596863,-722.4680797386372
037_Mg_Porphin,37,141,13.297797203063965,2.399493455886841,637.2147407531738,-1173.8015084893468
042_Penicillin_V,42,142,17.28551435470581,2.550989866256714,803.3315801620483,-1485.4874589051096
045_Ochratoxin_A,45,157,16.84193205833435,2.799733877182007,933.1838977336884,-1643.4889926123315
