mol,natm,nao,t_scf,t_gradient,t_hessian,e_tot
002,3,59,8.018011093139648,1.4549763202667236,-1,-76.42230995745035
003,15,295,8.033772468566895,3.0619895458221436,-1,-382.15281612639114
004,30,590,17.61726713180542,9.003378868103027,-1,-764.3001897093113
005,60,1180,81.65214920043945,47.97585415840149,-1,-1528.6342026318757
006,96,1888,203.2343192100525,141.86565041542053,-1,-2445.8771856718595
007,141,2773,454.99277329444885,342.3325181007385,-1,-3592.384902761716
008,228,4484,1482.6199061870575,973.8926177024841,-1,-5809.019196158548
009,300,5900,2313.471456050873,1839.8394575119019,-1,-7643.512481718673
010,417,8201,5401.685059785843,-1,-1,-10624.527652349374
