mol,t_scf,t_gradient,e_tot
002,2.0,1.19,-76.4223108992
003,21.0,4.65,-382.152812227
004,122.0,20.25,-764.3002346074
005,689.0,115.14,-1528.6342165681
006,2151.0,356.58,-2445.8771639475
007,4765.0,888.11,-3592.3849002142
008,15544.0,3302.29,-5809.0193494868
009,26273.0,6603.01,-7643.5126043516
