mol,t_scf,t_gradient,e_tot
020_Vitamin_C,48.0,11.82,-684.9983661771
031_Inosine,140.0,35.57,-983.6539694766
033_Bisphenol_A,120.0,34.17,-731.9380966403
037_Mg_Porphin,198.0,77.26,-1188.8813566693
042_Penicillin_V,235.0,78.66,-1504.593561826
045_Ochratoxin_A,290.0,105.09,-1664.4010310483
052_Cetirizine,375.0,134.78,-1610.9848201789
057_Tamoxifen,397.0,145.84,-1138.3630235374
066_Raffinose,429.0,241.49,-1909.2468694109
084_Sphingomyelin,644.0,254.59,-1810.8907979228
