mol,natm,nao,t_scf,t_gradient,t_hessian,e_tot
002,3,59,9.225790977478027,1.4185154438018799,-1,-75.90268906696716
003,15,295,7.397925138473511,2.8502917289733887,-1,-379.5797340893446
004,30,590,16.355782747268677,8.106590747833252,-1,-759.1648944538588
005,60,1180,67.11810564994812,42.11477756500244,-1,-1518.4136174508121
006,96,1888,150.1366548538208,123.72907543182373,-1,-2429.5441191728487
007,141,2773,343.5950632095337,294.0564568042755,-1,-3568.3923493779457
008,228,4484,1115.31450009346,830.5021951198578,-1,-5770.235412520906
009,300,5900,1818.3365054130554,1541.8647923469543,-1,-7592.496654636234
010,417,8201,3969.0601046085358,3079.625981092453,-1,-10553.62557808817
