mol,t_scf,t_gradient,e_tot
002,2.0,1.16,-75.9026890798
003,5.0,1.11,-379.5797340245
004,26.0,4.57,-759.1648953711
005,192.0,22.83,-1518.413619284
006,652.0,73.78,-2429.5441182967
007,1397.0,272.44,-3568.392370216
008,4837.0,1597.4,-5770.2355466345
009,9183.0,3477.07,-7592.4969199839
010,19493.0,7588.13,-10553.6261407037
