mol,natm,nao,t_scf,t_gradient,t_hessian,e_tot
002,3,59,8.470207452774048,1.4737763404846191,-1,-76.46322544495135
003,15,295,8.816063165664673,3.085206985473633,-1,-382.357205914378
004,30,590,20.10008144378662,8.881540536880493,-1,-764.7067284397813
005,60,1180,80.48115015029907,46.26161599159241,-1,-1529.4310604217367
006,96,1888,193.53197193145752,140.9103033542633,-1,-2447.1438293049277
007,141,2773,427.13886523246765,334.8242115974426,-1,-3594.237230008426
