mol,natm,nao,t_scf,t_gradient,t_hessian,e_tot
002,3,59,8.755343914031982,2.7149200439453125,-1,-76.42962896737262
003,15,295,12.602488994598389,5.6929285526275635,-1,-382.1935089484747
004,30,590,34.28473353385925,17.03866934776306,-1,-764.38419323472
005,60,1180,137.12103152275085,89.90183711051941,-1,-1528.8072112200903
006,96,1888,360.53807830810547,272.61835861206055,-1,-2446.1569735127805
007,141,2773,805.6741592884064,655.3605453968048,-1,-3592.7988171011075
008,228,4484,2325.739989757538,1879.468992471695,-1,-5809.700870753863
