mol,t_scf,t_gradient,e_tot
002,6.0,1.62,-76.4296290258
003,61.0,8.37,-382.1935086065
004,280.0,32.13,-764.3841960213
005,1294.0,159.2,-1528.8072072633
006,3559.0,417.08,-2446.1569577984
007,8163.0,1016.0,-3592.7988029841
008,21767.0,3444.87,-5809.7009024698
