mol,natm,nao,t_scf,t_gradient,t_hessian,e_tot
020_Vitamin_C,20,484,10.453456163406372,2.7370195388793945,363.0008842945099,-685.0347463979249
031_Inosine,31,757,20.68114447593689,6.736889600753784,1316.5888483524323,-983.7176439065447
033_Bisphenol_A,33,751,17.637565851211548,6.877225160598755,1420.3841083049774,-731.960347742662
037_Mg_Porphin,37,944,24.36361074447632,11.089943408966064,2439.1287682056427,-1188.8981396236977
042_Penicillin_V,42,1007,30.862167358398438,11.582371473312378,3181.5790650844574,-1504.6450542609673
045_Ochratoxin_A,45,1100,33.41982841491699,14.166359901428223,4029.220572948456,-1664.4396913351384
052_Cetirizine,52,1198,40.039607763290405,18.70956540107727,6276.552805900574,-1611.0213497063874
057_Tamoxifen,57,1274,44.171112298965454,20.529136180877686,7396.354176044464,-1138.3891845703356
