mol,natm,nao,t_scf,t_gradient,t_hessian,e_tot
002,3,59,7.446745872497559,1.4890987873077393,-1,-76.46322544495138
003,15,295,8.20776653289795,3.088024616241455,-1,-382.357205914378
004,30,590,19.075977563858032,8.805874824523926,-1,-764.7067284397813
005,60,1180,78.91655683517456,46.418694734573364,-1,-1529.4310604217358
006,96,1888,191.31885242462158,139.2458095550537,-1,-2447.1438293049323
007,141,2773,423.7260158061981,335.1603214740753,-1,-3594.2372300084335
008,228,4484,1316.6078534126282,957.1870391368866,-1,-5812.014703235804
009,300,5900,2345.5859880447388,1839.9111471176147,-1,-7647.445922746505
010,417,8201,4981.907049417496,-1,-1,-10630.000430916734
