mol,t_scf,t_gradient,e_tot
002,2.0,1.11,-76.463225456
003,13.0,4.51,-382.3572057405
004,78.0,18.25,-764.7067300035
005,564.0,112.33,-1529.4310619108
006,1482.0,329.04,-2447.1438297879
007,3758.0,875.37,-3594.237253658
008,12363.0,3228.61,-5812.0148173975
009,21922.0,5630.13,-7647.4461469752
